record_id,partition
1,fit
2,fit
3,fit
4,test
5,val
6,fit
7,fit
8,test
9,val
10,fit
11,fit
12,fit
13,val
14,test
15,fit
16,fit
17,fit
18,fit
19,fit
20,fit
21,fit
22,val
23,fit
24,fit
25,fit
26,fit
27,fit
28,val
29,fit
30,fit
31,fit
32,fit
33,fit
34,fit
35,fit
36,fit
37,fit
38,test
39,test
40,fit
41,fit
42,fit
43,fit
44,test
45,fit
46,test
47,val
48,fit
49,fit
50,test
51,test
52,fit
53,test
54,val
55,val
56,fit
57,fit
58,fit
59,fit
60,val
61,fit
62,val
63,fit
64,fit
65,fit
66,fit
67,fit
68,fit
69,val
70,fit
71,test
72,fit
73,fit
74,fit
75,val
76,test
77,fit
78,val
79,fit
80,fit
81,val
82,fit
83,fit
84,test
85,fit
86,fit
87,fit
88,fit
89,fit
90,fit
91,fit
92,fit
93,fit
94,val
95,fit
96,fit
97,test
98,fit
99,val
100,test
101,fit
102,fit
103,test
104,val
105,test
106,val
107,fit
108,test
109,test
110,test
111,fit
112,fit
113,fit
114,fit
115,fit
116,test
117,fit
118,fit
119,fit
120,fit
121,fit
122,fit
123,val
124,fit
125,fit
126,fit
127,fit
128,val
129,fit
130,val
131,test
132,fit
133,fit
134,fit
135,val
136,fit
137,test
138,fit
139,fit
140,test
141,fit
142,fit
143,fit
144,val
145,fit
146,fit
147,val
148,fit
149,test
150,val
151,fit
152,fit
153,test
154,fit
155,fit
156,fit
157,fit
158,test
159,fit
160,val
161,fit
162,val
163,fit
164,fit
165,test
166,val
167,fit
168,test
169,test
170,fit
171,val
172,fit
173,fit
174,test
175,val
176,fit
177,test
178,fit
179,fit
180,val
181,fit
182,val
183,fit
184,fit
185,fit
186,fit
187,fit
188,val
189,test
190,fit
191,fit
192,fit
193,test
194,test
195,fit
196,test
197,fit
198,val
199,val
200,test
201,fit
202,val
203,fit
204,test
205,fit
206,fit
207,test
208,fit
209,fit
210,fit
211,fit
212,test
213,fit
214,fit
215,val
216,fit
217,test
218,fit
219,test
220,fit
221,fit
222,fit
223,fit
224,fit
225,fit
226,val
227,fit
228,fit
229,val
230,fit
231,test
232,test
233,fit
234,fit
235,test
236,val
237,fit
238,val
239,fit
240,test
241,fit
242,val
243,fit
244,fit
245,fit
246,val
247,fit
248,test
249,fit
250,fit
251,fit
252,test
253,test
254,val
255,val
256,fit
257,val
258,val
259,fit
260,fit
261,test
262,test
263,fit
264,fit
265,fit
266,fit
267,fit
268,fit
269,test
270,test
271,fit
272,fit
273,fit
274,fit
275,fit
276,fit
277,fit
278,fit
279,fit
280,val
281,fit
282,fit
283,fit
284,fit
285,test
286,fit
287,fit
288,fit
289,fit
290,test
291,test
292,fit
293,fit
294,fit
295,fit
296,test
297,test
298,fit
299,test
300,test
